{"cameraMode":{"drawMode":0,"name":"Shaded","section":"Shading Mode"},"sceneLighting":true,"audioPlay":false,"sceneViewState":{"m_AlwaysRefresh":false,"showFog":true,"showSkybox":true,"showFlares":true,"showImageEffects":true,"showParticleSystems":true,"showVisualEffectGraphs":true,"m_FxEnabled":true},"in2DMode":false,"pivot":{"x":78.34294891357422,"y":56.36993408203125,"z":-37.08308029174805},"rotation":{"x":-0.10328661650419235,"y":-0.023574143648147584,"z":0.002448822371661663,"w":-0.9943708181381226},"size":1016.7413330078125,"orthographic":true}